Season,Name,Team,WAR,W,ERA,IP,Strikes,L,FIP,HR,BB/9,y
2015,Zack Greinke,Dodgers,5.8,19,1.66,222.2,2078,3,2.76,14,1.62,0
2015,Jake Arrieta,Cubs,7.3,22,1.77,229,2236,6,2.35,10,1.89,1
2014,Clayton Kershaw,Dodgers,7.6,21,1.77,198.1,1887,3,1.81,9,1.41,1
2013,Clayton Kershaw,Dodgers,7.1,16,1.83,236,2286,9,2.39,11,1.98,1
2015,Clayton Kershaw,Dodgers,8.5,16,2.13,232.2,2303,7,1.99,15,1.62,0
2016,Kyle Hendricks,Cubs,4.4,16,2.15,188,1868,8,3.2,15,2.06,0
2013,Jose Fernandez,Marlins,4.1,12,2.19,172.2,1732,6,2.73,10,3.02,0
2009,Chris Carpenter,Cardinals,5.5,17,2.24,192.2,1747,4,2.78,7,1.78,0
2014,Johnny Cueto,Reds,4.6,20,2.25,243.2,2380,9,3.3,22,2.4,0
2013,Matt Harvey,Mets,6.5,9,2.27,178.1,1794,5,2,7,1.56,0
2011,Clayton Kershaw,Dodgers,7.1,21,2.28,233.1,2264,5,2.47,15,2.08,1
2010,Josh Johnson,Marlins,5.9,11,2.3,183.2,1952,6,2.41,7,2.35,0
2017,Clayton Kershaw,Dodgers,4.6,18,2.31,175,1729,4,3.07,23,1.54,0
2011,Roy Halladay,Phillies,8.3,19,2.35,233.2,2382,6,2.2,10,1.35,0
2014,Adam Wainwright,Cardinals,4.9,20,2.38,227,2143,9,2.88,10,1.98,0
2011,Cliff Lee,Phillies,6.8,17,2.4,232.2,2360,8,2.6,18,1.62,0
2010,Adam Wainwright,Cardinals,5.6,20,2.42,230.1,2166,11,2.86,15,2.19,0
2010,Roy Halladay,Phillies,6.1,21,2.44,250.2,2441,10,3.01,24,1.08,1
2016,Jon Lester,Cubs,4.3,19,2.44,202.2,2027,5,3.41,21,2.31,0
2014,Cole Hamels,Phillies,4.3,9,2.46,204.2,2070,9,3.07,14,2.59,0
2009,Tim Lincecum,Giants,7.7,15,2.48,225.1,2197,7,2.34,10,2.72,1
2017,Max Scherzer,Nationals,6.1,16,2.51,200.2,2114,6,2.9,22,2.47,1
2017,Stephen Strasburg,Nationals,5.7,15,2.52,175.1,1844,4,2.72,13,2.41,0
2012,Clayton Kershaw,Dodgers,5.9,14,2.53,227.2,2234,9,2.89,16,2.49,0
2008,Johan Santana,Mets,5.3,16,2.53,234.1,2387,7,3.51,23,2.42,0
2007,Jake Peavy,Padres,6.7,19,2.54,223.1,2348,6,2.84,13,2.74,1
2015,Jacob deGrom,Mets,5.2,14,2.54,191,2037,8,2.7,16,1.79,0
2009,Jair Jurrjens,Braves,4,14,2.6,215,2115,10,3.68,15,3.14,0
2015,Gerrit Cole,Pirates,5.5,19,2.6,208,2120,8,2.66,11,1.9,0
2016,Noah Syndergaard,Mets,6.3,14,2.61,182.2,1977,9,2.3,11,2.12,0
2008,Tim Lincecum,Giants,7.1,17,2.62,223,2282,5,2.59,11,3.23,1
2009,Adam Wainwright,Cardinals,5.7,19,2.63,233,2319,8,3.11,17,2.55,0
2013,Zack Greinke,Dodgers,3.4,15,2.63,177.2,1777,4,3.23,13,2.33,0
2014,Henderson Alvarez,Marlins,2.1,12,2.65,187,1742,7,3.58,14,1.59,0
2014,Jordan Zimmermann,Nationals,5.3,14,2.66,199.2,2041,5,2.68,13,1.31,0
2012,R.A. Dickey,Mets,5.1,20,2.67,232.2,2304,6,3.22,23,2.09,1
2015,Matt Harvey,Mets,4.4,13,2.71,189.1,1892,8,3.05,18,1.76,0
2014,Zack Greinke,Dodgers,4.3,17,2.71,202.1,2071,8,2.97,19,1.91,0
2010,Roy Oswalt,- - -,4.4,13,2.73,210.2,2146,13,3.28,19,2.35,0
2011,Tim Lincecum,Giants,4,13,2.74,217,2233,14,3.17,15,3.57,0
2016,Madison Bumgarner,Giants,4.9,15,2.74,226.2,2369,9,3.24,26,2.14,0
2014,Lance Lynn,Cardinals,3.4,15,2.74,203.2,2161,10,3.35,13,3.18,0
2011,Cole Hamels,Phillies,4.9,14,2.75,213,2031,9,3,18,1.86,0
2015,John Lackey,Cardinals,3.6,13,2.77,218,2139,10,3.57,21,2.19,0
2013,Madison Bumgarner,Giants,3.8,13,2.77,201.1,2046,9,3.05,15,2.77,0
2011,Ryan Vogelsong,Giants,2,13,2.78,175,1821,7,3.72,15,3.14,0
2012,Johnny Cueto,Reds,4.7,19,2.78,217,2233,9,3.27,15,2.03,0
2016,Johnny Cueto,Giants,5.5,18,2.79,219.2,2189,5,2.96,15,1.84,0
2012,Matt Cain,Giants,3.7,16,2.79,219.1,2186,5,3.4,21,2.09,0
2015,Max Scherzer,Nationals,6.4,14,2.79,228.2,2380,12,2.77,27,1.34,0
2014,Tyson Ross,Padres,3.2,13,2.81,195.2,1946,14,3.24,13,3.31,0
2010,Tim Hudson,Braves,2.1,17,2.83,228.2,2070,9,4.09,20,2.91,0
2008,Jake Peavy,Padres,3.6,10,2.85,173.2,1814,11,3.6,17,3.06,0
2014,Tanner Roark,Nationals,3.2,15,2.85,198.2,1951,10,3.47,16,1.77,0
2010,R.A. Dickey,Mets,2.7,11,2.86,173.1,1713,9,3.64,13,2.13,0
2012,Kyle Lohse,Cardinals,3.6,16,2.86,211,2101,3,3.51,19,1.62,0
2016,Tanner Roark,Nationals,3.2,16,2.86,207.2,2072,10,3.82,17,3.16,0
2016,Jose Fernandez,Marlins,6.2,16,2.86,182.1,1916,8,2.3,13,2.71,0
2013,Cliff Lee,Phillies,5.5,14,2.87,222.2,2304,8,2.82,22,1.29,0
2009,Javier Vazquez,Braves,6.5,15,2.87,219.1,2207,10,2.77,20,1.81,0
2011,Ian Kennedy,Diamondbacks,4.8,21,2.88,222,2279,4,3.22,19,2.23,0
2010,Ubaldo Jimenez,Rockies,5.9,19,2.88,221.2,2176,8,3.1,10,3.74,0
2011,Matt Cain,Giants,5,12,2.88,221.2,2250,11,2.91,9,2.56,0
2012,Gio Gonzalez,Nationals,5,21,2.89,199.1,1984,8,2.82,9,3.43,0
2014,Julio Teheran,Braves,3.2,14,2.89,221,2159,13,3.49,22,2.08,0
2009,Matt Cain,Giants,3.4,14,2.89,217.2,2220,8,3.89,22,3.02,0
2010,Clayton Kershaw,Dodgers,4.7,13,2.91,204.1,2135,10,3.12,13,3.57,0
2010,Mat Latos,Padres,4.3,14,2.92,184.2,1934,10,3,16,2.44,0
2015,Madison Bumgarner,Giants,5.2,18,2.93,218.1,2210,9,2.87,21,1.61,0
2013,Adam Wainwright,Cardinals,6.6,19,2.94,241.2,2384,9,2.55,15,1.3,0
2012,Jordan Zimmermann,Nationals,3.3,12,2.94,195.2,2093,8,3.51,18,1.98,0
2017,Gio Gonzalez,Nationals,3.4,15,2.96,201,2024,9,3.93,21,3.54,0
2016,Max Scherzer,Nationals,5.7,20,2.96,228.1,2418,7,3.24,31,2.21,1
2008,Ryan Dempster,Cubs,4.7,17,2.96,206.2,2109,6,3.41,14,3.31,0
2014,Madison Bumgarner,Giants,4,18,2.98,217.1,2290,10,3.05,21,1.78,0
2010,Johan Santana,Mets,3.5,11,2.98,199,2031,9,3.54,16,2.49,0
2013,Stephen Strasburg,Nationals,3.3,8,3,183,1804,9,3.21,16,2.75,0
2013,Hyun-Jin Ryu,Dodgers,3.6,14,3,192,1979,8,3.24,15,2.3,0
2007,Brandon Webb,Diamondbacks,6.2,18,3.01,236.1,2228,10,3.24,12,2.74,0
2009,Wandy Rodriguez,Astros,4.1,14,3.02,205.2,2170,12,3.54,21,2.76,0
2015,Shelby Miller,Braves,3.4,6,3.02,205.1,2127,17,3.45,13,3.2,0
2015,Lance Lynn,Cardinals,3.1,12,3.03,175.1,1877,11,3.44,13,3.49,0
2007,Brad Penny,Dodgers,4.4,16,3.03,208,2080,4,3.63,9,3.16,0
2015,Carlos Martinez,Cardinals,3.5,14,3.04,174.2,1787,6,3.16,13,2.99,0
2016,Carlos Martinez,Cardinals,3.3,16,3.04,195.1,1961,9,3.61,15,3.23,0
2012,Cole Hamels,Phillies,4.6,17,3.05,215.1,2203,6,3.3,24,2.17,0
2010,Cole Hamels,Phillies,3.5,12,3.06,208.2,2220,11,3.67,26,2.63,0
2013,Shelby Miller,Cardinals,2.4,15,3.06,173.1,1955,9,3.67,20,2.96,0
2014,Edinson Volquez,Pirates,0.9,13,3.07,190.2,1881,7,4.18,17,3.35,0
2011,Hiroki Kuroda,Dodgers,2.7,13,3.07,202,2041,16,3.78,24,2.18,0
2010,Jonathan Sanchez,Giants,2.3,13,3.08,193,1987,9,4,21,4.48,0
2008,Ben Sheets,Brewers,4.7,13,3.09,198.1,2002,9,3.38,17,2.13,0
2008,Cole Hamels,Phillies,4.8,14,3.09,227.1,2292,10,3.72,28,2.1,0
2016,Jake Arrieta,Cubs,3.8,18,3.1,197.1,1972,8,3.52,16,3.47,0
2009,Ted Lilly,Cubs,3.7,12,3.1,177,1816,9,3.65,22,1.83,0
2013,Travis Wood,Cubs,2.7,9,3.11,200,1999,12,3.89,18,2.97,0
2007,John Smoltz,Braves,5.5,14,3.11,205.2,2069,8,3.21,18,2.06,0
2013,Kris Medlen,Braves,2.8,15,3.11,194,1978,11,3.42,17,2.13,0
2007,Chris Young,Padres,4.3,9,3.12,173,1844,8,3.43,10,3.75,0
2010,Brett Myers,Astros,3.9,14,3.14,223.2,2212,8,3.56,20,2.66,0
2014,Stephen Strasburg,Nationals,4.5,14,3.14,215,2202,11,2.94,23,1.8,0
2009,Dan Haren,Diamondbacks,5.6,14,3.14,229.1,2283,10,3.23,27,1.49,0
2010,Matt Cain,Giants,4,13,3.14,223.1,2271,11,3.65,22,2.46,0
2012,Cliff Lee,Phillies,5,6,3.16,211,2184,9,3.13,26,1.19,0
2013,Mat Latos,Reds,4.8,14,3.16,210.2,2131,7,3.1,14,2.48,0
2008,Chad Billingsley,Dodgers,4.3,16,3.16,196.1,2042,10,3.38,14,3.62,0
2007,Roy Oswalt,Astros,4.9,14,3.19,211.2,2236,7,3.59,14,2.55,0
2013,Julio Teheran,Braves,2.5,14,3.2,185.2,1923,8,3.69,22,2.18,0
2017,Zack Greinke,Diamondbacks,5.1,17,3.2,202.1,2040,7,3.31,25,2,0
2016,Julio Teheran,Braves,3.2,7,3.21,188,1939,10,3.69,22,1.96,0
2011,Madison Bumgarner,Giants,4.9,13,3.21,204.2,2147,13,2.67,12,2.02,0
2013,Mike Minor,Braves,3.5,13,3.21,204.2,2067,9,3.37,22,2.02,0
2010,Chris Carpenter,Cardinals,3.3,16,3.22,235,2255,9,3.69,21,2.41,0
2011,Tim Hudson,Braves,3.4,16,3.22,215,2022,10,3.39,14,2.34,0
2009,Josh Johnson,Marlins,5.5,15,3.23,209,2117,5,3.06,14,2.5,0
2009,Randy Wolf,Dodgers,3.3,11,3.23,214.1,2177,7,3.96,24,2.44,0
2008,Derek Lowe,Dodgers,4.8,14,3.24,211,1963,11,3.26,14,1.92,0
2008,Edinson Volquez,Reds,4.4,17,3.24,194.1,2051,5,3.54,13,4.26,0
2013,Jordan Zimmermann,Nationals,3.7,19,3.25,213.1,2110,9,3.36,19,1.69,0
2015,Tyson Ross,Padres,4.3,10,3.26,196,1985,12,2.98,9,3.86,0
2011,R.A. Dickey,Mets,2.5,8,3.29,207.2,2090,13,3.78,18,2.34,0
2008,Brandon Webb,Diamondbacks,5.5,22,3.3,226.2,2141,7,3.28,13,2.58,0
2013,A.J. Burnett,Pirates,4.2,10,3.3,191,1961,11,2.8,11,3.16,0
2011,Matt Garza,Cubs,4.9,10,3.32,198,2093,10,2.95,14,2.86,0
2007,Tim Hudson,Braves,4.9,16,3.33,224.1,2033,10,3.46,10,2.13,0
2010,Tommy Hanson,Braves,4.1,10,3.33,202.2,2109,11,3.31,14,2.49,0
2008,Dan Haren,Diamondbacks,6.2,16,3.33,216,2207,8,3.01,19,1.67,0
2015,Jon Lester,Cubs,5,11,3.34,205,2029,12,2.92,16,2.06,0
2012,Wade Miley,Diamondbacks,4.3,15,3.34,186,1915,11,3.04,13,1.6,0
2016,John Lackey,Cubs,3.1,11,3.35,188.1,1872,8,3.81,23,2.53,0
2013,Kyle Lohse,Brewers,2.3,11,3.35,198.2,1996,10,4.08,26,1.63,0
2013,Gio Gonzalez,Nationals,3.2,11,3.36,195.2,2072,8,3.41,17,3.5,0
2012,Ryan Vogelsong,Giants,2.5,14,3.37,189.2,1935,9,3.7,17,2.94,0
2013,Mike Leake,Reds,2,14,3.37,192.1,1844,7,4.04,21,2.25,0
2012,Madison Bumgarner,Giants,3.1,16,3.37,208.1,2139,11,3.5,23,2.12,0
2015,Michael Wacha,Cardinals,2.3,17,3.37,181.1,1929,7,3.87,19,2.88,0
2015,Francisco Liriano,Pirates,3.7,12,3.38,186.2,1835,7,3.19,15,3.38,0
2007,Cole Hamels,Phillies,3.9,15,3.39,183.1,1911,5,3.83,25,2.11,0
2010,Hiroki Kuroda,Dodgers,4.3,11,3.39,196.1,1929,13,3.26,15,2.2,0
2011,Kyle Lohse,Cardinals,2.4,14,3.39,188.1,1848,8,3.67,16,2.01,0
2012,Jon Niese,Mets,2.7,13,3.4,190.1,2005,9,3.8,22,2.32,0
2014,Jon Niese,Mets,2.3,9,3.4,187.2,1823,11,3.67,17,2.16,0
2013,Patrick Corbin,Diamondbacks,3.5,14,3.41,208.1,2038,8,3.43,19,2.33,0
2017,Lance Lynn,Cardinals,1.4,11,3.43,186.1,1893,8,4.82,27,3.77,0
2010,Tim Lincecum,Giants,4.3,16,3.43,212.1,2210,10,3.15,18,3.22,0
2014,Alfredo Simon,Reds,1.3,15,3.44,196.1,1945,10,4.33,22,2.57,0
2011,Chris Carpenter,Cardinals,4.8,11,3.45,237.1,2348,9,3.06,16,2.09,0
2016,Bartolo Colon,Mets,2.7,15,3.45,190.1,1933,8,4,24,1.51,0
2010,Jon Garland,Padres,1.1,14,3.47,200,1994,12,4.41,20,3.92,0
2013,Jhoulys Chacin,Rockies,3.9,14,3.47,197.1,1899,10,3.47,11,2.78,0
2009,Ubaldo Jimenez,Rockies,5.3,15,3.47,218,2175,12,3.36,13,3.51,0
2011,Mat Latos,Padres,3.8,9,3.47,194.1,1968,14,3.16,16,2.87,0
2012,Mat Latos,Reds,3.1,14,3.48,209.1,2149,4,3.85,25,2.75,0
2016,Kenta Maeda,Dodgers,3.3,16,3.48,175.2,1884,11,3.58,20,2.56,0
2011,Daniel Hudson,Diamondbacks,4.6,16,3.49,222,2239,12,3.28,17,2.03,0
2011,Wandy Rodriguez,Astros,1.8,11,3.49,191,1971,11,4.15,25,3.25,0
2013,Homer Bailey,Reds,4.1,11,3.49,209,2190,12,3.31,20,2.33,0
2017,Jimmy Nelson,Brewers,4.8,12,3.49,175.1,1842,6,3.05,16,2.46,0
2009,Joel Pineiro,Cardinals,4.6,15,3.49,214,1967,12,3.27,11,1.14,0
2014,Yovani Gallardo,Brewers,2,8,3.51,192.1,1981,11,3.94,21,2.53,0
2012,A.J. Burnett,Pirates,3,16,3.51,202.1,1947,10,3.52,18,2.76,0
2011,Yovani Gallardo,Brewers,3.6,17,3.52,207.1,2180,10,3.59,27,2.56,0
2017,Jacob deGrom,Mets,4.3,15,3.53,201.1,2132,10,3.5,28,2.64,0
2014,Wily Peralta,Brewers,1.8,17,3.53,198.2,1990,11,4.11,23,2.76,0
2008,Roy Oswalt,Astros,3.7,17,3.54,208.2,2107,10,3.8,23,2.03,0
2014,Kyle Lohse,Brewers,2.3,13,3.54,198.1,1981,9,3.95,22,2.04,0
2014,Josh Collmenter,Diamondbacks,2,10,3.54,170.1,1682,9,3.83,17,1.85,0
2011,Shaun Marcum,Brewers,3.6,13,3.54,200.2,2029,7,3.73,22,2.56,0
2014,Zack Wheeler,Mets,2.6,11,3.54,185.1,2028,11,3.55,14,3.84,0
2013,Wade Miley,Diamondbacks,1.8,10,3.55,202.2,2030,10,3.98,21,2.93,0
2010,Anibal Sanchez,Marlins,3.9,13,3.55,195,2069,12,3.32,10,3.23,0
2007,Oliver Perez,Mets,2.7,15,3.56,177,1882,10,4.35,22,4.02,0
2011,Jaime Garcia,Cardinals,3.4,13,3.56,194.2,1921,7,3.23,15,2.31,0
2014,Tim Hudson,Giants,2,9,3.57,189.1,1836,13,3.54,15,1.62,0
2014,Aaron Harang,Braves,2.5,12,3.57,204.1,2178,12,3.57,15,3.13,0
2010,Chad Billingsley,Dodgers,4.2,12,3.57,191.2,1974,11,3.07,8,3.24,0
2010,Wandy Rodriguez,Astros,3.6,11,3.6,195,1992,12,3.5,16,3.14,0
2013,Cole Hamels,Phillies,4.5,8,3.6,220,2312,14,3.26,21,2.05,0
2015,Dan Haren,- - -,0.9,11,3.6,187.1,1868,9,4.61,31,1.83,0
2012,Aaron Harang,Dodgers,2,10,3.61,179.2,1884,10,4.14,14,4.26,0
2008,Ricky Nolasco,Marlins,3.9,15,3.61,206.2,2153,8,3.79,28,1.79,0
2013,Dillon Gee,Mets,1.9,12,3.62,199,1965,11,4,24,2.13,0
2011,Jhoulys Chacin,Rockies,2,11,3.62,194,1891,14,4.23,20,4.04,0
2012,Tim Hudson,Braves,2.1,16,3.62,179,1692,7,3.78,12,2.41,0
2010,Ted Lilly,- - -,2.5,10,3.62,193.2,1999,12,4.27,32,2.04,0
2014,Ian Kennedy,Padres,3.4,13,3.63,201,2198,13,3.21,16,3.13,0
2010,Johnny Cueto,Reds,2.6,12,3.64,185.2,1926,7,3.97,19,2.71,0
2011,Aaron Harang,Padres,1.2,14,3.64,170.2,1787,7,4.17,20,3.06,0
2017,Carlos Martinez,Cardinals,3.3,12,3.64,205,2048,11,3.91,27,3.12,0
2007,Matt Cain,Giants,4.1,7,3.65,200,2114,16,3.78,14,3.56,0
2009,Ryan Dempster,Cubs,3.6,11,3.65,200,1981,9,3.87,22,2.93,0
2016,Jerad Eickhoff,Phillies,2.8,11,3.65,197.1,1922,14,4.19,30,1.92,0
2010,Livan Hernandez,Nationals,2.9,10,3.66,211.2,2011,12,3.95,16,2.72,0
2015,Jordan Zimmermann,Nationals,3,13,3.66,201.2,2103,10,3.75,24,1.74,0
2012,Yovani Gallardo,Brewers,2.6,16,3.66,204,2082,9,3.94,26,3.57,0
2011,Anibal Sanchez,Marlins,3.5,8,3.67,196.1,2081,9,3.35,20,2.93,0
2012,Homer Bailey,Reds,2.7,13,3.68,208,2177,10,3.97,26,2.25,0
2008,Jair Jurrjens,Braves,3.8,13,3.68,188.1,1935,10,3.59,11,3.35,0
2010,Mike Pelfrey,Mets,2.6,15,3.68,203,2119,9,3.81,12,2.97,0
2012,Paul Maholm,- - -,2,13,3.69,188,1876,11,4.01,20,2.54,0
2011,Randy Wolf,Brewers,2.2,13,3.69,212.1,2156,10,4.29,23,2.8,0
2011,Javier Vazquez,Marlins,3.1,13,3.69,192.2,1972,11,3.57,21,2.34,0
2015,Brett Anderson,Dodgers,1.6,10,3.69,180.1,1751,9,3.94,18,2.3,0
2011,Joe Saunders,Diamondbacks,0.5,12,3.69,212,1983,13,4.78,29,2.84,0
2014,Mike Leake,Reds,2.3,11,3.7,214.1,2070,13,3.88,23,2.1,0
2007,Adam Wainwright,Cardinals,3.7,14,3.7,202,1973,12,3.9,13,3.12,0
2015,Mike Leake,- - -,1.6,11,3.7,192,1817,10,4.2,22,2.3,0
2011,John Lannan,Nationals,1.2,10,3.7,184.2,1849,13,4.28,15,3.7,0
2008,Paul Maholm,Pirates,2.6,9,3.71,206.1,1934,9,4.15,21,2.75,0
2008,Todd Wellemeyer,Cardinals,2,13,3.71,191.2,1967,9,4.51,25,2.91,0
2008,Jamie Moyer,Phillies,2.8,16,3.71,196.1,1950,7,4.32,20,2.84,0
2016,Jeremy Hellickson,Phillies,3.2,12,3.71,189,1864,10,3.98,24,2.14,0
2013,Ricky Nolasco,- - -,3.2,13,3.72,198.1,2013,11,3.36,17,2.09,0
2012,Chris Capuano,Dodgers,2.7,12,3.72,198.1,1951,12,3.95,25,2.45,0
2008,Mike Pelfrey,Mets,3.1,13,3.72,200.2,2022,11,3.96,12,2.87,0
2007,Aaron Harang,Reds,5.4,16,3.73,231.2,2409,6,3.71,28,2.02,0
2008,Hiroki Kuroda,Dodgers,3.6,9,3.73,183.1,1758,10,3.59,13,2.06,0
2011,Tim Stauffer,Padres,1.5,9,3.73,185.2,1874,12,4.03,20,2.57,0
2009,Yovani Gallardo,Brewers,2.8,13,3.73,185.2,1895,12,3.97,21,4.56,0
2012,Mark Buehrle,Marlins,1.5,13,3.74,202.1,1968,13,4.18,26,1.78,0
2012,Bronson Arroyo,Reds,2.6,12,3.74,202,1987,10,4.08,26,1.56,0
2015,Jason Hammel,Cubs,2.4,10,3.74,170.2,1800,7,3.68,23,2.11,0
2010,Clayton Richard,Padres,2.4,14,3.75,201.2,2015,9,3.81,16,3.48,0
2014,Shelby Miller,Cardinals,0.6,10,3.76,182,1810,9,4.53,22,3.56,0
2008,Matt Cain,Giants,3.7,8,3.76,217.2,2326,14,3.91,19,3.76,0
2012,Lucas Harrell,Astros,2.8,11,3.76,193.2,1990,11,3.75,13,3.62,0
2007,Ian Snell,Pirates,3.4,9,3.76,208,2026,12,4.01,22,2.94,0
2011,Bud Norris,Astros,2,6,3.77,186,1973,11,4.02,24,3.39,0
2008,Kyle Lohse,Cardinals,3.2,15,3.78,200,2002,6,3.89,18,2.21,0
2012,Trevor Cahill,Diamondbacks,2.6,13,3.78,200,1928,12,3.85,16,3.33,0
2016,Dan Straily,Reds,1.1,14,3.79,183,1866,8,4.87,30,3.39,0
2013,Bronson Arroyo,Reds,1.2,14,3.79,202,1932,12,4.49,32,1.51,0
2015,Gio Gonzalez,Nationals,3.7,11,3.79,175.2,1863,8,3.05,8,3.54,0
2012,Wandy Rodriguez,- - -,2.4,11,3.8,203.2,2085,13,3.95,21,2.43,0
2010,Ian Kennedy,Diamondbacks,1.9,9,3.8,194,1990,10,4.33,26,3.25,0
2016,Jeff Samardzija,Giants,2.6,12,3.81,203.1,2103,11,3.85,24,2.39,0
2012,Josh Johnson,Marlins,3.1,8,3.81,191.1,1937,14,3.4,14,3.06,0
2014,Tom Koehler,Marlins,1.6,10,3.81,191.1,1850,10,3.84,16,3.34,0
2012,Jeff Samardzija,Cubs,2.7,9,3.81,174.2,1790,13,3.55,20,2.89,0
2007,Ted Lilly,Cubs,3.8,15,3.83,207,2158,8,4.16,28,2.39,0
2011,Zack Greinke,Brewers,3.9,16,3.83,171.2,1812,6,2.98,19,2.36,0
2011,Charlie Morton,Pirates,1.8,10,3.83,171.2,1684,10,3.77,6,4.04,0
2009,Bronson Arroyo,Reds,2,15,3.84,220.1,2157,13,4.78,31,2.66,0
2010,Yovani Gallardo,Brewers,4.6,14,3.84,185,1949,7,3.02,12,3.65,0
2015,Alex Wood,- - -,2.6,12,3.84,189.2,1851,12,3.69,15,2.8,0
2010,Ryan Dempster,Cubs,2.6,15,3.85,215.1,2223,12,3.99,25,3.59,0
2010,Bronson Arroyo,Reds,1.7,17,3.88,215.2,2138,10,4.61,29,2.46,0
2009,John Lannan,Nationals,1.4,9,3.88,206.1,1984,13,4.7,22,2.97,0
2007,Tom Gorzelanny,Pirates,3.1,14,3.88,201.2,2064,10,4.24,18,3.03,0
2017,Jhoulys Chacin,Padres,2.4,13,3.89,180.1,1844,10,4.26,19,3.59,0
2007,Derek Lowe,Dodgers,3.1,12,3.9,198.1,1880,14,3.99,20,2.68,0
2017,Zach Davies,Brewers,2.7,17,3.9,191.1,1930,9,4.22,20,2.59,0
2008,John Lannan,Nationals,1.4,9,3.91,182,1798,15,4.79,23,3.56,0
2009,Kevin Correia,Padres,3.1,12,3.91,198,1985,11,3.81,17,2.91,0
2007,John Maine,Mets,3.2,15,3.91,191,2052,10,4.18,23,3.53,0
2008,Carlos Zambrano,Cubs,2.8,14,3.91,188.2,1842,6,4.23,18,3.43,0
2008,Randy Johnson,Diamondbacks,3.7,11,3.91,184,1939,10,3.76,24,2.15,0
2015,James Shields,Padres,1,13,3.91,202.1,2048,7,4.45,33,3.6,0
2009,Ross Ohlendorf,Pirates,1.2,11,3.92,176.2,1676,10,4.72,25,2.7,0
2007,Rich Hill,Cubs,3.1,11,3.92,195,2030,8,4.32,27,2.91,0
2013,Eric Stults,Padres,3.1,11,3.93,203.2,2113,13,3.53,18,1.77,0
2012,Adam Wainwright,Cardinals,4.1,14,3.94,198.2,2019,13,3.1,15,2.36,0
2014,Ervin Santana,Braves,2.9,14,3.95,196,1899,10,3.39,16,2.89,0
2015,Kyle Hendricks,Cubs,3.4,8,3.95,180,1814,7,3.36,17,2.15,0
2015,Chris Heston,Giants,1.4,12,3.95,177.2,1695,11,4.02,16,3.24,0
2007,Carlos Zambrano,Cubs,2.8,18,3.95,216.1,2263,13,4.58,23,4.2,0
2008,Aaron Cook,Rockies,4.4,16,3.96,211.1,1994,9,3.76,13,2.04,0
2012,Jake Westbrook,Cardinals,2.1,13,3.97,174.2,1696,11,3.8,12,2.68,0
2011,Ted Lilly,Dodgers,2,12,3.97,192.2,2037,14,4.21,28,2.38,0
2013,Lance Lynn,Cardinals,3.7,15,3.97,201.2,2138,10,3.28,14,3.39,0
2009,Chad Billingsley,Dodgers,3.1,12,3.98,194.2,1980,11,3.73,16,3.88,0
2016,Brandon Finnegan,Reds,0.4,10,3.98,172,1750,11,5.19,29,4.4,0
2008,Ubaldo Jimenez,Rockies,3.8,12,3.99,198.2,2014,12,3.83,11,4.67,0
2012,Clayton Richard,Padres,0.4,14,3.99,218.2,2074,14,4.62,31,1.73,0
2014,Ryan Vogelsong,Giants,1.4,8,4,184.2,1912,13,3.85,18,2.83,0
2010,Derek Lowe,Braves,2.2,16,4,193.2,1924,12,3.89,18,2.83,0
2013,Matt Cain,Giants,1.5,8,4,184.1,1876,10,3.93,23,2.69,0
2009,Jon Garland,- - -,2.1,11,4.01,204,2079,13,4.48,23,2.69,0
2014,Dan Haren,Dodgers,1.4,13,4.02,186,1968,11,4.09,27,1.74,0
2012,Ian Kennedy,Diamondbacks,2.5,15,4.02,208.1,2221,12,4.04,28,2.38,0
2009,Barry Zito,Giants,2.1,10,4.03,192,2042,13,4.31,21,3.8,0
2012,Edwin Jackson,Nationals,2.1,10,4.03,189.2,1864,11,3.85,23,2.75,0
2015,Julio Teheran,Braves,1.1,11,4.04,200.2,2062,8,4.4,27,3.27,0
2009,Jason Marquis,Rockies,3.2,15,4.04,216,1996,13,4.1,15,3.33,0
2015,Anthony DeSclafani,Reds,3.1,9,4.05,184.2,1891,13,3.67,17,2.68,0
2012,James McDonald,Pirates,1.3,12,4.05,171,1712,8,4.09,20,3.58,0
2009,Joe Blanton,Phillies,2.2,12,4.05,195.1,2043,8,4.45,30,2.72,0
2009,Zach Duke,Pirates,2.4,11,4.06,213,1996,16,4.24,23,2.07,0
2008,Ted Lilly,Cubs,2.8,17,4.09,204.2,2147,9,4.41,32,2.81,0
2017,Patrick Corbin,Diamondbacks,3,14,4.09,187,1950,13,4.08,26,2.84,0
2014,Bartolo Colon,Mets,2.9,15,4.09,202.1,2059,13,3.57,22,1.33,0
2014,Jorge De La Rosa,Rockies,1.6,14,4.1,184.1,1861,11,4.34,21,3.27,0
2015,Jimmy Nelson,Brewers,2,11,4.11,177.1,1798,13,4.1,18,3.3,0
2012,Mike Minor,Braves,1.2,11,4.12,179.1,1779,10,4.38,26,2.81,0
2009,Doug Davis,Diamondbacks,1.4,9,4.12,203.1,2083,14,4.84,25,4.56,0
2009,Roy Oswalt,Astros,3.5,8,4.12,181.1,1884,6,3.76,19,2.08,0
2009,Max Scherzer,Diamondbacks,2.9,9,4.12,170.1,1999,11,3.87,20,3.33,0
2010,Barry Zito,Giants,1.8,9,4.13,198.1,2040,13,4.24,20,3.77,0
2007,Greg Maddux,Padres,3.9,14,4.14,198,1854,11,3.58,14,1.14,0
2012,Edinson Volquez,Padres,1.5,11,4.14,182.2,1925,11,4.06,14,5.17,0
2017,Ivan Nova,Pirates,2,11,4.14,187,1780,14,4.46,29,1.73,0
2012,Barry Zito,Giants,0.9,15,4.15,184.1,1903,8,4.49,20,3.42,0
2015,Tom Koehler,Marlins,0.5,11,4.15,184.1,1799,14,4.59,22,3.76,0
2008,Braden Looper,Cardinals,1.7,12,4.16,199,2040,14,4.52,25,2.04,0
2015,Jon Niese,Mets,0.9,9,4.16,173,1698,10,4.43,20,2.81,0
2010,Randy Wolf,Brewers,0.8,13,4.17,215.2,2260,12,4.85,29,3.63,0
2013,Yovani Gallardo,Brewers,2.2,12,4.18,180.2,1839,10,3.89,18,3.29,0
2008,Scott Olsen,Marlins,1,8,4.2,201.2,2027,11,5.02,30,3.08,0
2010,Jon Niese,Mets,1.7,9,4.2,173.2,1884,10,4.1,20,3.21,0
2015,Bartolo Colon,Mets,2.4,14,4.2,192.2,1870,13,3.88,25,1.12,0
2011,James McDonald,Pirates,0.4,9,4.21,171,1775,9,4.68,24,4.11,0
2011,Chad Billingsley,Dodgers,2.2,11,4.21,188,2016,11,3.83,14,4.02,0
2007,Jeff Francis,Rockies,3.7,17,4.22,215.1,2176,9,4.19,25,2.63,0
2008,Greg Maddux,- - -,2.4,8,4.22,194,1725,13,4.09,21,1.39,0
2008,Oliver Perez,Mets,1.7,10,4.22,194,2041,7,4.68,24,4.87,0
2007,Bronson Arroyo,Reds,3.4,9,4.23,210.2,2203,15,4.57,28,2.69,0
2007,Doug Davis,Diamondbacks,2.2,13,4.25,192.2,1968,12,4.72,21,4.44,0
2017,Gerrit Cole,Pirates,3.1,12,4.26,203,2145,12,4.08,31,2.44,0
2017,Dan Straily,Marlins,2,10,4.26,181.2,2007,9,4.58,31,2.97,0
2010,Randy Wells,Cubs,2.6,8,4.26,194.1,1916,14,3.93,19,2.92,0
2017,R.A. Dickey,Braves,1.6,10,4.26,190,1930,10,4.72,26,3.17,0
2008,Dave Bush,Brewers,1.2,9,4.28,181,1699,10,4.98,29,2.34,0
2014,Eric Stults,Padres,0,8,4.3,176,1822,17,4.63,26,2.3,0
2008,Randy Wolf,- - -,2.6,12,4.3,190.1,2007,12,4.17,21,3.36,0
2009,Jorge De La Rosa,Rockies,3.4,16,4.3,184,1838,9,3.84,19,4.01,0
2009,Cole Hamels,Phillies,3.9,10,4.32,193.2,2082,11,3.72,24,2,0
2016,Tom Koehler,Marlins,1.1,9,4.33,176.2,1875,13,4.6,22,4.23,0
2017,Jon Lester,Cubs,2.7,13,4.33,180.2,1945,8,4.1,26,2.99,0
2014,Wade Miley,Diamondbacks,1.6,8,4.34,201.1,2032,12,3.98,23,3.35,0
2015,Andrew Cashner,Padres,2.2,6,4.34,184.2,2008,16,3.85,19,3.22,0
2013,Jeff Samardzija,Cubs,2.7,8,4.34,213.2,2177,13,3.77,25,3.29,0
2013,Wily Peralta,Brewers,1.4,11,4.37,183.1,1823,15,4.3,19,3.58,0
2013,Tim Lincecum,Giants,1.8,10,4.37,197.2,2023,14,3.74,21,3.46,0
2014,Nathan Eovaldi,Marlins,2.9,6,4.37,199.2,2114,14,3.37,14,1.94,0
2009,Johnny Cueto,Reds,1.6,11,4.41,171.1,1799,11,4.69,24,3.2,0
2017,Jeff Samardzija,Giants,3.8,9,4.42,207.2,2193,15,3.61,30,1.39,0
2007,Jason Marquis,Cubs,1.4,12,4.43,191,1854,9,4.98,22,3.53,0
2009,Paul Maholm,Pirates,3.2,8,4.44,194.2,1928,9,3.83,14,2.77,0
2007,Tom Glavine,Mets,1.5,13,4.45,200.1,1939,8,4.86,23,2.88,0
2011,Brett Myers,Astros,1.7,7,4.46,214,2148,14,4.24,30,2.4,0
2011,Livan Hernandez,Nationals,1.8,8,4.47,175.1,1673,13,3.96,16,2.36,0
2012,Ricky Nolasco,Marlins,2.2,12,4.48,191,1936,13,3.87,18,2.21,0
2012,Tommy Hanson,Braves,0.7,13,4.48,174.2,1811,10,4.57,27,3.66,0
2017,Julio Teheran,Braves,1.1,11,4.49,188.1,2007,13,4.95,31,3.44,0
2011,Chris Capuano,Mets,1.9,11,4.52,185,1909,12,4.03,27,2.53,0
2008,Brett Myers,Phillies,2.1,10,4.55,190,1940,13,4.52,29,3.08,0
2010,Dave Bush,Brewers,0.1,8,4.55,174,1870,13,5.14,28,3.36,0
2007,Barry Zito,Giants,1.6,11,4.55,195.2,2074,13,4.83,24,3.82,0
2016,Gio Gonzalez,Nationals,3,11,4.57,177.1,1908,11,3.76,19,2.99,0
2017,Tanner Roark,Nationals,2.5,13,4.57,175.1,1950,11,4.12,22,3.23,0
2012,Mike Leake,Reds,1.4,8,4.58,179,1737,9,4.42,26,2.06,0
2010,Chris Volstad,Marlins,1.1,12,4.58,175,1747,9,4.34,17,3.09,0
2007,Wandy Rodriguez,Astros,3.1,9,4.58,182.2,1897,13,4.18,22,3.05,0
2014,A.J. Burnett,Phillies,1.6,8,4.59,213.2,2114,18,4.14,20,4.04,0
2014,Kyle Kendrick,Phillies,0.9,10,4.61,199,1964,13,4.57,25,2.58,0
2007,Jeff Suppan,Brewers,2.6,12,4.62,206.2,2071,12,4.42,18,2.96,0
2016,Jimmy Nelson,Brewers,0.6,8,4.62,179.1,1866,16,5.12,25,4.32,0
2016,Adam Wainwright,Cardinals,2.9,13,4.62,198.2,2018,9,3.93,22,2.67,0
2007,Kyle Lohse,- - -,2.9,9,4.66,189.1,1917,12,4.58,22,2.66,0
2011,Jake Westbrook,Cardinals,0.9,12,4.66,183.1,1879,9,4.25,16,3.58,0
2009,Derek Lowe,Braves,2.5,15,4.67,194.2,2002,10,4.06,16,2.91,0
2011,Ricky Nolasco,Marlins,3,10,4.67,206,2121,12,3.54,20,1.92,0
2015,Rubby de la Rosa,Diamondbacks,0.5,14,4.67,188.2,1939,9,4.81,32,3.01,0
2012,Joe Blanton,- - -,2.4,10,4.68,190.1,1947,12,3.9,29,1.61,0
2016,Mike Leake,Cardinals,2.5,9,4.69,176.2,1762,12,3.83,20,1.53,0
2013,Kyle Kendrick,Phillies,2,10,4.7,182,1857,13,4.01,18,2.32,0
2011,Mike Pelfrey,Mets,0.9,7,4.7,193.1,2003,13,4.47,21,3.03,0
2010,Joe Blanton,Phillies,1.8,9,4.74,174.2,1807,6,4.25,26,2.16,0
2008,Bronson Arroyo,Reds,2.8,15,4.77,200,2146,11,4.5,29,3.06,0
2017,Clayton Richard,Padres,2.4,8,4.79,197.1,1992,15,4.23,24,2.69,0
2016,Chad Bettis,Rockies,2.5,14,4.79,186,1898,8,4.26,22,2.85,0
2011,Ryan Dempster,Cubs,2.5,10,4.8,202.1,2214,14,3.91,23,3.65,0
2008,Johnny Cueto,Reds,1.5,9,4.81,174,1912,14,4.9,29,3.52,0
2010,Jason Hammel,Rockies,3.2,10,4.81,177.2,1853,9,3.7,18,2.38,0
2010,Kyle Kendrick,Phillies,0.4,11,4.81,177.2,1734,10,4.92,26,2.43,0
2008,Zach Duke,Pirates,2,5,4.82,185,1844,14,4.4,19,2.29,0
2015,Aaron Harang,Phillies,0.9,6,4.86,172.1,1805,15,4.83,26,2.66,0
2008,Aaron Harang,Reds,1.5,6,4.89,180.1,1965,17,4.91,35,2.45,0
2007,Matt Morris,- - -,2.5,10,4.89,198.2,1943,11,4.45,18,2.76,0
2007,Braden Looper,Cardinals,1.3,12,4.9,174.2,1703,12,4.83,22,2.63,0
2016,Robbie Ray,Diamondbacks,3.1,8,4.9,174.1,2035,15,3.76,24,3.67,0
2013,Ian Kennedy,- - -,0.6,7,4.91,181.1,1961,10,4.59,27,3.62,0
2007,Livan Hernandez,Diamondbacks,0.2,11,4.93,204.1,2006,11,5.77,34,3.48,0
2008,Tim Redding,Nationals,1.2,10,4.95,182,1936,11,4.93,27,3.21,0
2008,Jeff Suppan,Brewers,0,10,4.96,177.2,1708,10,5.51,30,3.39,0
2013,Edwin Jackson,Cubs,2,8,4.98,175.1,1787,18,3.79,16,3.03,0
2010,Rodrigo Lopez,Diamondbacks,0.1,7,5,200,2046,16,5.21,37,2.52,0
2007,Jamie Moyer,Phillies,2,14,5.01,199.1,1940,12,4.93,30,2.98,0
2007,Paul Maholm,Pirates,1.8,10,5.02,177.2,1666,15,4.6,22,2.48,0
2014,Travis Wood,Cubs,1.1,8,5.03,173.2,1914,13,4.38,20,3.94,0
2009,Mike Pelfrey,Mets,1.7,10,5.03,184.1,1937,12,4.39,18,3.22,0
2011,Derek Lowe,Braves,2.1,9,5.05,187,1965,17,3.7,14,3.37,0
2009,Ricky Nolasco,Marlins,4.1,13,5.06,185,2006,9,3.35,23,2.14,0
2007,Woody Williams,Astros,0.7,8,5.06,186.2,1992,15,5.57,34,2.56,0
2011,Bronson Arroyo,Reds,-1.1,9,5.07,199,2030,12,5.71,46,2.04,0
2010,Paul Maholm,Pirates,1.5,9,5.1,185.1,1898,15,4.18,15,3.01,0
2008,Barry Zito,Giants,1.3,10,5.15,180,1928,17,4.72,16,5.1,0
2007,Dontrelle Willis,Marlins,0.9,10,5.17,205.1,2117,15,5.13,29,3.81,0
2012,Tim Lincecum,Giants,1,10,5.18,186,2019,15,4.18,23,4.35,0
2007,Dave Bush,Brewers,2.2,10,5.2,183.1,1931,10,4.57,27,2.06,0
2009,Braden Looper,Brewers,-0.5,14,5.22,194.2,2033,7,5.74,39,2.96,0
2007,Matt Belisle,Reds,2.4,8,5.32,177.2,1819,9,4.58,26,2.18,0
2009,Livan Hernandez,- - -,1.6,9,5.44,183.2,1779,12,4.44,19,3.28,0
2017,Matt Moore,Giants,0.9,6,5.59,172.1,1849,15,4.78,27,3.5,0
2007,Scott Olsen,Marlins,0.5,10,5.81,176.2,1903,15,5.33,29,4.33,0
